page_requested,page_confirmed,query_action,event_type,server_timestamp,time_relative,actor,action,action_id,action_sign,amount,object,world,x,y,z,content,recorded_username,strikethrough,parse_status,raw_text,raw_coordinates,hover_text,coordinate_hover_text
1,true,"a:-block","block","2026-09-06 11:57:00 UTC","0.05/h ago","jose","broke","block_break","-",,"minecraft:stone","world",4,64,-40,"","",false,"parsed","0.05/h ago - jose broke minecraft:stone.","    ^ (x4/y64/z-40/world) (a:block)","2026-09-06 11:57:00 UTC",""
1,true,"a:-block","block","2026-09-06 11:57:00 UTC","0.05/h ago","jose","broke","block_break","-",,"minecraft:oak_log","world",5,64,-40,"","",false,"parsed","0.05/h ago - jose broke minecraft:oak_log.","    ^ (x5/y64/z-40/world) (a:block)","2026-09-06 11:57:00 UTC",""
1,true,"a:-block","block","2026-09-06 11:57:00 UTC","0.05/h ago","jose","broke","block_break","-",,"minecraft:stone","world",6,64,-40,"","",false,"parsed","0.05/h ago - jose broke minecraft:stone.","    ^ (x6/y64/z-40/world) (a:block)","2026-09-06 11:57:00 UTC",""
1,true,"a:-block","block","2026-09-06 11:57:00 UTC","0.05/h ago","jose","broke","block_break","-",,"minecraft:oak_log","world",7,64,-40,"","",false,"parsed","0.05/h ago - jose broke minecraft:oak_log.","    ^ (x7/y64/z-40/world) (a:block)","2026-09-06 11:57:00 UTC",""
2,true,"a:-block","block","2026-09-06 11:57:00 UTC","0.05/h ago","jose","broke","block_break","-",,"minecraft:stone","world",8,64,-40,"","",false,"parsed","0.05/h ago - jose broke minecraft:stone.","    ^ (x8/y64/z-40/world) (a:block)","2026-09-06 11:57:00 UTC",""
2,true,"a:-block","block","2026-09-06 11:57:00 UTC","0.05/h ago","jose","broke","block_break","-",,"minecraft:oak_log","world",9,64,-40,"","",false,"parsed","0.05/h ago - jose broke minecraft:oak_log.","    ^ (x9/y64/z-40/world) (a:block)","2026-09-06 11:57:00 UTC",""
2,true,"a:-block","block","2026-09-06 11:57:00 UTC","0.05/h ago","jose","broke","block_break","-",,"minecraft:stone","world",10,64,-40,"","",false,"parsed","0.05/h ago - jose broke minecraft:stone.","    ^ (x10/y64/z-40/world) (a:block)","2026-09-06 11:57:00 UTC",""
2,true,"a:-block","block","2026-09-06 11:57:00 UTC","0.05/h ago","jose","broke","block_break","-",,"minecraft:oak_log","world",11,64,-40,"","",false,"parsed","0.05/h ago - jose broke minecraft:oak_log.","    ^ (x11/y64/z-40/world) (a:block)","2026-09-06 11:57:00 UTC",""
3,true,"a:-block","block","2026-09-06 11:57:00 UTC","0.05/h ago","jose","broke","block_break","-",,"minecraft:stone","world",12,64,-40,"","",false,"parsed","0.05/h ago - jose broke minecraft:stone.","    ^ (x12/y64/z-40/world) (a:block)","2026-09-06 11:57:00 UTC",""
3,true,"a:-block","block","2026-09-06 11:57:00 UTC","0.05/h ago","jose","broke","block_break","-",,"minecraft:oak_log","world",13,64,-40,"","",false,"parsed","0.05/h ago - jose broke minecraft:oak_log.","    ^ (x13/y64/z-40/world) (a:block)","2026-09-06 11:57:00 UTC",""
3,true,"a:-block","block","2026-09-06 11:57:00 UTC","0.05/h ago","jose","broke","block_break","-",,"minecraft:stone","world",14,64,-40,"","",false,"parsed","0.05/h ago - jose broke minecraft:stone.","    ^ (x14/y64/z-40/world) (a:block)","2026-09-06 11:57:00 UTC",""
3,true,"a:-block","block","2026-09-06 11:57:00 UTC","0.05/h ago","jose","broke","block_break","-",,"minecraft:oak_log","world",15,64,-40,"","",false,"parsed","0.05/h ago - jose broke minecraft:oak_log.","    ^ (x15/y64/z-40/world) (a:block)","2026-09-06 11:57:00 UTC",""
4,true,"a:-block","block","2026-09-06 11:57:00 UTC","0.05/h ago","jose","broke","block_break","-",,"minecraft:stone","world",16,64,-40,"","",false,"parsed","0.05/h ago - jose broke minecraft:stone.","    ^ (x16/y64/z-40/world) (a:block)","2026-09-06 11:57:00 UTC",""
4,true,"a:-block","block","2026-09-06 11:57:00 UTC","0.05/h ago","jose","broke","block_break","-",,"minecraft:oak_log","world",17,64,-40,"","",false,"parsed","0.05/h ago - jose broke minecraft:oak_log.","    ^ (x17/y64/z-40/world) (a:block)","2026-09-06 11:57:00 UTC",""
4,true,"a:-block","block","2026-09-06 11:57:00 UTC","0.05/h ago","jose","broke","block_break","-",,"minecraft:stone","world",18,64,-40,"","",false,"parsed","0.05/h ago - jose broke minecraft:stone.","    ^ (x18/y64/z-40/world) (a:block)","2026-09-06 11:57:00 UTC",""
4,true,"a:-block","block","2026-09-06 11:57:00 UTC","0.05/h ago","jose","broke","block_break","-",,"minecraft:oak_log","world",19,64,-40,"","",false,"parsed","0.05/h ago - jose broke minecraft:oak_log.","    ^ (x19/y64/z-40/world) (a:block)","2026-09-06 11:57:00 UTC",""
5,true,"a:-block","block","2026-09-06 11:57:00 UTC","0.05/h ago","jose","broke","block_break","-",,"minecraft:stone","world",20,64,-40,"","",false,"parsed","0.05/h ago - jose broke minecraft:stone.","    ^ (x20/y64/z-40/world) (a:block)","2026-09-06 11:57:00 UTC",""
5,true,"a:-block","block","2026-09-06 11:57:00 UTC","0.05/h ago","jose","broke","block_break","-",,"minecraft:oak_log","world",21,64,-40,"","",false,"parsed","0.05/h ago - jose broke minecraft:oak_log.","    ^ (x21/y64/z-40/world) (a:block)","2026-09-06 11:57:00 UTC",""
5,true,"a:-block","block","2026-09-06 11:57:00 UTC","0.05/h ago","jose","broke","block_break","-",,"minecraft:stone","world",22,64,-40,"","",false,"parsed","0.05/h ago - jose broke minecraft:stone.","    ^ (x22/y64/z-40/world) (a:block)","2026-09-06 11:57:00 UTC",""
5,true,"a:-block","block","2026-09-06 11:57:00 UTC","0.05/h ago","jose","broke","block_break","-",,"minecraft:oak_log","world",23,64,-40,"","",false,"parsed","0.05/h ago - jose broke minecraft:oak_log.","    ^ (x23/y64/z-40/world) (a:block)","2026-09-06 11:57:00 UTC",""
6,true,"a:-block","block","2026-09-06 11:57:00 UTC","0.05/h ago","jose","broke","block_break","-",,"minecraft:stone","world",24,64,-40,"","",false,"parsed","0.05/h ago - jose broke minecraft:stone.","    ^ (x24/y64/z-40/world) (a:block)","2026-09-06 11:57:00 UTC",""
6,true,"a:-block","block","2026-09-06 11:57:00 UTC","0.05/h ago","jose","broke","block_break","-",,"minecraft:oak_log","world",25,64,-40,"","",false,"parsed","0.05/h ago - jose broke minecraft:oak_log.","    ^ (x25/y64/z-40/world) (a:block)","2026-09-06 11:57:00 UTC",""
6,true,"a:-block","block","2026-09-06 11:57:00 UTC","0.05/h ago","jose","broke","block_break","-",,"minecraft:stone","world",26,64,-40,"","",false,"parsed","0.05/h ago - jose broke minecraft:stone.","    ^ (x26/y64/z-40/world) (a:block)","2026-09-06 11:57:00 UTC",""
6,true,"a:-block","block","2026-09-06 11:57:00 UTC","0.05/h ago","jose","broke","block_break","-",,"minecraft:oak_log","world",27,64,-40,"","",false,"parsed","0.05/h ago - jose broke minecraft:oak_log.","    ^ (x27/y64/z-40/world) (a:block)","2026-09-06 11:57:00 UTC",""
7,true,"a:-block","block","2026-09-06 11:57:00 UTC","0.05/h ago","jose","broke","block_break","-",,"minecraft:stone","world",28,64,-40,"","",false,"parsed","0.05/h ago - jose broke minecraft:stone.","    ^ (x28/y64/z-40/world) (a:block)","2026-09-06 11:57:00 UTC",""
7,true,"a:-block","block","2026-09-06 11:57:00 UTC","0.05/h ago","jose","broke","block_break","-",,"minecraft:oak_log","world",29,64,-40,"","",false,"parsed","0.05/h ago - jose broke minecraft:oak_log.","    ^ (x29/y64/z-40/world) (a:block)","2026-09-06 11:57:00 UTC",""
7,true,"a:-block","block","2026-09-06 11:57:00 UTC","0.05/h ago","jose","broke","block_break","-",,"minecraft:stone","world",30,64,-40,"","",false,"parsed","0.05/h ago - jose broke minecraft:stone.","    ^ (x30/y64/z-40/world) (a:block)","2026-09-06 11:57:00 UTC",""
7,true,"a:-block","block","2026-09-06 11:57:00 UTC","0.05/h ago","jose","broke","block_break","-",,"minecraft:oak_log","world",31,64,-40,"","",false,"parsed","0.05/h ago - jose broke minecraft:oak_log.","    ^ (x31/y64/z-40/world) (a:block)","2026-09-06 11:57:00 UTC",""
8,true,"a:-block","block","2026-09-06 11:57:00 UTC","0.05/h ago","jose","broke","block_break","-",,"minecraft:stone","world",32,64,-40,"","",false,"parsed","0.05/h ago - jose broke minecraft:stone.","    ^ (x32/y64/z-40/world) (a:block)","2026-09-06 11:57:00 UTC",""
8,true,"a:-block","block","2026-09-06 11:57:00 UTC","0.05/h ago","jose","broke","block_break","-",,"minecraft:oak_log","world",33,64,-40,"","",false,"parsed","0.05/h ago - jose broke minecraft:oak_log.","    ^ (x33/y64/z-40/world) (a:block)","2026-09-06 11:57:00 UTC",""
8,true,"a:-block","block","2026-09-06 11:57:00 UTC","0.05/h ago","jose","broke","block_break","-",,"minecraft:stone","world",34,64,-40,"","",false,"parsed","0.05/h ago - jose broke minecraft:stone.","    ^ (x34/y64/z-40/world) (a:block)","2026-09-06 11:57:00 UTC",""
8,true,"a:-block","block","2026-09-06 11:57:00 UTC","0.05/h ago","jose","broke","block_break","-",,"minecraft:oak_log","world",35,64,-40,"","",false,"parsed","0.05/h ago - jose broke minecraft:oak_log.","    ^ (x35/y64/z-40/world) (a:block)","2026-09-06 11:57:00 UTC",""
9,true,"a:-block","block","2026-09-06 11:57:00 UTC","0.05/h ago","jose","broke","block_break","-",,"minecraft:stone","world",36,64,-40,"","",false,"parsed","0.05/h ago - jose broke minecraft:stone.","    ^ (x36/y64/z-40/world) (a:block)","2026-09-06 11:57:00 UTC",""
9,true,"a:-block","block","2026-09-06 11:57:00 UTC","0.05/h ago","jose","broke","block_break","-",,"minecraft:oak_log","world",37,64,-40,"","",false,"parsed","0.05/h ago - jose broke minecraft:oak_log.","    ^ (x37/y64/z-40/world) (a:block)","2026-09-06 11:57:00 UTC",""
9,true,"a:-block","block","2026-09-06 11:57:00 UTC","0.05/h ago","jose","broke","block_break","-",,"minecraft:stone","world",38,64,-40,"","",false,"parsed","0.05/h ago - jose broke minecraft:stone.","    ^ (x38/y64/z-40/world) (a:block)","2026-09-06 11:57:00 UTC",""
9,true,"a:-block","block","2026-09-06 11:57:00 UTC","0.05/h ago","jose","broke","block_break","-",,"minecraft:oak_log","world",39,64,-40,"","",false,"parsed","0.05/h ago - jose broke minecraft:oak_log.","    ^ (x39/y64/z-40/world) (a:block)","2026-09-06 11:57:00 UTC",""
10,true,"a:-block","block","2026-09-06 11:57:00 UTC","0.05/h ago","jose","broke","block_break","-",,"minecraft:stone","world",40,64,-40,"","",false,"parsed","0.05/h ago - jose broke minecraft:stone.","    ^ (x40/y64/z-40/world) (a:block)","2026-09-06 11:57:00 UTC",""
10,true,"a:-block","block","2026-09-06 11:57:00 UTC","0.05/h ago","jose","broke","block_break","-",,"minecraft:oak_log","world",41,64,-40,"","",false,"parsed","0.05/h ago - jose broke minecraft:oak_log.","    ^ (x41/y64/z-40/world) (a:block)","2026-09-06 11:57:00 UTC",""
10,true,"a:-block","block","2026-09-06 11:57:00 UTC","0.05/h ago","jose","broke","block_break","-",,"minecraft:stone","world",42,64,-40,"","",false,"parsed","0.05/h ago - jose broke minecraft:stone.","    ^ (x42/y64/z-40/world) (a:block)","2026-09-06 11:57:00 UTC",""
10,true,"a:-block","block","2026-09-06 11:57:00 UTC","0.05/h ago","jose","broke","block_break","-",,"minecraft:oak_log","world",43,64,-40,"","",false,"parsed","0.05/h ago - jose broke minecraft:oak_log.","    ^ (x43/y64/z-40/world) (a:block)","2026-09-06 11:57:00 UTC",""
11,true,"a:-block","block","2026-09-06 11:57:00 UTC","0.05/h ago","jose","broke","block_break","-",,"minecraft:stone","world",44,64,-40,"","",false,"parsed","0.05/h ago - jose broke minecraft:stone.","    ^ (x44/y64/z-40/world) (a:block)","2026-09-06 11:57:00 UTC",""
11,true,"a:-block","block","2026-09-06 11:57:00 UTC","0.05/h ago","jose","broke","block_break","-",,"minecraft:oak_log","world",45,64,-40,"","",false,"parsed","0.05/h ago - jose broke minecraft:oak_log.","    ^ (x45/y64/z-40/world) (a:block)","2026-09-06 11:57:00 UTC",""
11,true,"a:-block","block","2026-09-06 11:57:00 UTC","0.05/h ago","jose","broke","block_break","-",,"minecraft:stone","world",46,64,-40,"","",false,"parsed","0.05/h ago - jose broke minecraft:stone.","    ^ (x46/y64/z-40/world) (a:block)","2026-09-06 11:57:00 UTC",""
11,true,"a:-block","block","2026-09-06 11:57:00 UTC","0.05/h ago","jose","broke","block_break","-",,"minecraft:oak_log","world",47,64,-40,"","",false,"parsed","0.05/h ago - jose broke minecraft:oak_log.","    ^ (x47/y64/z-40/world) (a:block)","2026-09-06 11:57:00 UTC",""
12,true,"a:-block","block","2026-09-06 11:57:00 UTC","0.05/h ago","jose","broke","block_break","-",,"minecraft:stone","world",48,64,-40,"","",false,"parsed","0.05/h ago - jose broke minecraft:stone.","    ^ (x48/y64/z-40/world) (a:block)","2026-09-06 11:57:00 UTC",""
12,true,"a:-block","block","2026-09-06 11:57:00 UTC","0.05/h ago","jose","broke","block_break","-",,"minecraft:oak_log","world",49,64,-40,"","",false,"parsed","0.05/h ago - jose broke minecraft:oak_log.","    ^ (x49/y64/z-40/world) (a:block)","2026-09-06 11:57:00 UTC",""
12,true,"a:-block","block","2026-09-06 11:57:00 UTC","0.05/h ago","jose","broke","block_break","-",,"minecraft:stone","world",50,64,-40,"","",false,"parsed","0.05/h ago - jose broke minecraft:stone.","    ^ (x50/y64/z-40/world) (a:block)","2026-09-06 11:57:00 UTC",""
12,true,"a:-block","block","2026-09-06 11:57:00 UTC","0.05/h ago","jose","broke","block_break","-",,"minecraft:oak_log","world",51,64,-40,"","",false,"parsed","0.05/h ago - jose broke minecraft:oak_log.","    ^ (x51/y64/z-40/world) (a:block)","2026-09-06 11:57:00 UTC",""
13,true,"a:-block","block","2026-09-06 11:57:00 UTC","0.05/h ago","jose","broke","block_break","-",,"minecraft:stone","world",52,64,-40,"","",false,"parsed","0.05/h ago - jose broke minecraft:stone.","    ^ (x52/y64/z-40/world) (a:block)","2026-09-06 11:57:00 UTC",""
13,true,"a:-block","block","2026-09-06 11:57:00 UTC","0.05/h ago","jose","broke","block_break","-",,"minecraft:oak_log","world",53,64,-40,"","",false,"parsed","0.05/h ago - jose broke minecraft:oak_log.","    ^ (x53/y64/z-40/world) (a:block)","2026-09-06 11:57:00 UTC",""
13,true,"a:-block","block","2026-09-06 11:57:00 UTC","0.05/h ago","jose","broke","block_break","-",,"minecraft:stone","world",54,64,-40,"","",false,"parsed","0.05/h ago - jose broke minecraft:stone.","    ^ (x54/y64/z-40/world) (a:block)","2026-09-06 11:57:00 UTC",""
13,true,"a:-block","block","2026-09-06 11:57:00 UTC","0.05/h ago","jose","broke","block_break","-",,"minecraft:oak_log","world",55,64,-40,"","",false,"parsed","0.05/h ago - jose broke minecraft:oak_log.","    ^ (x55/y64/z-40/world) (a:block)","2026-09-06 11:57:00 UTC",""
14,true,"a:-block","block","2026-09-06 11:57:00 UTC","0.05/h ago","jose","broke","block_break","-",,"minecraft:stone","world",56,64,-40,"","",false,"parsed","0.05/h ago - jose broke minecraft:stone.","    ^ (x56/y64/z-40/world) (a:block)","2026-09-06 11:57:00 UTC",""
14,true,"a:-block","block","2026-09-06 11:57:00 UTC","0.05/h ago","jose","broke","block_break","-",,"minecraft:oak_log","world",57,64,-40,"","",false,"parsed","0.05/h ago - jose broke minecraft:oak_log.","    ^ (x57/y64/z-40/world) (a:block)","2026-09-06 11:57:00 UTC",""
14,true,"a:-block","block","2026-09-06 11:57:00 UTC","0.05/h ago","jose","broke","block_break","-",,"minecraft:stone","world",58,64,-40,"","",false,"parsed","0.05/h ago - jose broke minecraft:stone.","    ^ (x58/y64/z-40/world) (a:block)","2026-09-06 11:57:00 UTC",""
14,true,"a:-block","block","2026-09-06 11:57:00 UTC","0.05/h ago","jose","broke","block_break","-",,"minecraft:oak_log","world",59,64,-40,"","",false,"parsed","0.05/h ago - jose broke minecraft:oak_log.","    ^ (x59/y64/z-40/world) (a:block)","2026-09-06 11:57:00 UTC",""
15,true,"a:-block","block","2026-09-06 11:57:00 UTC","0.05/h ago","jose","broke","block_break","-",,"minecraft:stone","world",60,64,-40,"","",false,"parsed","0.05/h ago - jose broke minecraft:stone.","    ^ (x60/y64/z-40/world) (a:block)","2026-09-06 11:57:00 UTC",""
15,true,"a:-block","block","2026-09-06 11:57:00 UTC","0.05/h ago","jose","broke","block_break","-",,"minecraft:oak_log","world",61,64,-40,"","",false,"parsed","0.05/h ago - jose broke minecraft:oak_log.","    ^ (x61/y64/z-40/world) (a:block)","2026-09-06 11:57:00 UTC",""
15,true,"a:-block","block","2026-09-06 11:57:00 UTC","0.05/h ago","jose","broke","block_break","-",,"minecraft:stone","world",62,64,-40,"","",false,"parsed","0.05/h ago - jose broke minecraft:stone.","    ^ (x62/y64/z-40/world) (a:block)","2026-09-06 11:57:00 UTC",""
15,true,"a:-block","block","2026-09-06 11:57:00 UTC","0.05/h ago","jose","broke","block_break","-",,"minecraft:oak_log","world",63,64,-40,"","",false,"parsed","0.05/h ago - jose broke minecraft:oak_log.","    ^ (x63/y64/z-40/world) (a:block)","2026-09-06 11:57:00 UTC",""
